instruction,input,output
Compare window functions in SQL with other techniques.,,"window functions in SQL differs from other techniques in terms of performance, interpretability, and computational requirements."
How to implement ETL pipeline in a real project?,,"To implement ETL pipeline in a project, one must follow proper data preprocessing, modeling, evaluation, and deployment steps."
What are common mistakes in logistic regression?,,"Common mistakes in logistic regression include wrong assumptions, improper preprocessing, and lack of proper validation."
What are common mistakes in logistic regression?,,"Common mistakes in logistic regression include wrong assumptions, improper preprocessing, and lack of proper validation."
What are common mistakes in ARIMA model?,,"Common mistakes in ARIMA model include wrong assumptions, improper preprocessing, and lack of proper validation."
How would you explain confusion matrix in an interview?,,"In an interview, I would explain confusion matrix as a fundamental technique used to build intelligent and data-driven systems."
Write a Python code example related to PCA.,,A simple Python implementation of PCA can be done using standard data science libraries like sklearn or numpy.
How to implement vector databases in a real project?,,"To implement vector databases in a project, one must follow proper data preprocessing, modeling, evaluation, and deployment steps."
Compare random search with other techniques.,,"random search differs from other techniques in terms of performance, interpretability, and computational requirements."
What are common mistakes in F1 score?,,"Common mistakes in F1 score include wrong assumptions, improper preprocessing, and lack of proper validation."
When should we use FastAPI?,,FastAPI should be used when the problem requirements and dataset characteristics match its assumptions and strengths.
Give an interview question and answer on gradient descent.,,Interview Question: What is gradient descent? Answer: It is a key method in data science used to solve specific analytical problems.
What are the advantages and disadvantages of neural network activation functions?,,"Advantages of neural network activation functions include efficiency and usefulness in practical scenarios, while disadvantages depend on data quality and assumptions."
Write a Python code example related to logistic regression.,,A simple Python implementation of logistic regression can be done using standard data science libraries like sklearn or numpy.
What are the advantages and disadvantages of regularization?,,"Advantages of regularization include efficiency and usefulness in practical scenarios, while disadvantages depend on data quality and assumptions."
Compare grid search with other techniques.,,"grid search differs from other techniques in terms of performance, interpretability, and computational requirements."
Write a Python code example related to backpropagation.,,A simple Python implementation of backpropagation can be done using standard data science libraries like sklearn or numpy.
What are common mistakes in F1 score?,,"Common mistakes in F1 score include wrong assumptions, improper preprocessing, and lack of proper validation."
What are the advantages and disadvantages of confusion matrix?,,"Advantages of confusion matrix include efficiency and usefulness in practical scenarios, while disadvantages depend on data quality and assumptions."
What are the advantages and disadvantages of transformers?,,"Advantages of transformers include efficiency and usefulness in practical scenarios, while disadvantages depend on data quality and assumptions."
When should we use F1 score?,,F1 score should be used when the problem requirements and dataset characteristics match its assumptions and strengths.
Explain the working of transformers.,,The working of transformers involves several steps and mathematical principles that help in solving real-world data science problems.
When should we use random forest?,,random forest should be used when the problem requirements and dataset characteristics match its assumptions and strengths.
Compare precision and recall with other techniques.,,"precision and recall differs from other techniques in terms of performance, interpretability, and computational requirements."
When should we use FastAPI?,,FastAPI should be used when the problem requirements and dataset characteristics match its assumptions and strengths.
Explain the working of grid search.,,The working of grid search involves several steps and mathematical principles that help in solving real-world data science problems.
Define missing value handling.,,missing value handling is an important concept in data science and machine learning. It is commonly used in practical projects and interview scenarios.
Give an interview question and answer on F1 score.,,Interview Question: What is F1 score? Answer: It is a key method in data science used to solve specific analytical problems.
What are common mistakes in A/B testing?,,"Common mistakes in A/B testing include wrong assumptions, improper preprocessing, and lack of proper validation."
Explain the working of time series forecasting.,,The working of time series forecasting involves several steps and mathematical principles that help in solving real-world data science problems.
What are the advantages and disadvantages of ETL pipeline?,,"Advantages of ETL pipeline include efficiency and usefulness in practical scenarios, while disadvantages depend on data quality and assumptions."
Give an interview question and answer on FastAPI.,,Interview Question: What is FastAPI? Answer: It is a key method in data science used to solve specific analytical problems.
What are the advantages and disadvantages of F1 score?,,"Advantages of F1 score include efficiency and usefulness in practical scenarios, while disadvantages depend on data quality and assumptions."
Write a Python code example related to backpropagation.,,A simple Python implementation of backpropagation can be done using standard data science libraries like sklearn or numpy.
When should we use FastAPI?,,FastAPI should be used when the problem requirements and dataset characteristics match its assumptions and strengths.
Write a Python code example related to k-means clustering.,,A simple Python implementation of k-means clustering can be done using standard data science libraries like sklearn or numpy.
How would you explain precision and recall in an interview?,,"In an interview, I would explain precision and recall as a fundamental technique used to build intelligent and data-driven systems."
Write a Python code example related to transformers.,,A simple Python implementation of transformers can be done using standard data science libraries like sklearn or numpy.
Explain the working of random search.,,The working of random search involves several steps and mathematical principles that help in solving real-world data science problems.
How would you explain LLM fine tuning in an interview?,,"In an interview, I would explain LLM fine tuning as a fundamental technique used to build intelligent and data-driven systems."
Give an interview question and answer on confusion matrix.,,Interview Question: What is confusion matrix? Answer: It is a key method in data science used to solve specific analytical problems.
Explain the working of transformers.,,The working of transformers involves several steps and mathematical principles that help in solving real-world data science problems.
Explain the working of hyperparameter tuning.,,The working of hyperparameter tuning involves several steps and mathematical principles that help in solving real-world data science problems.
What are common mistakes in logistic regression?,,"Common mistakes in logistic regression include wrong assumptions, improper preprocessing, and lack of proper validation."
How would you explain random forest in an interview?,,"In an interview, I would explain random forest as a fundamental technique used to build intelligent and data-driven systems."
When should we use neural network activation functions?,,neural network activation functions should be used when the problem requirements and dataset characteristics match its assumptions and strengths.
How to implement random search in a real project?,,"To implement random search in a project, one must follow proper data preprocessing, modeling, evaluation, and deployment steps."
What are common mistakes in overfitting?,,"Common mistakes in overfitting include wrong assumptions, improper preprocessing, and lack of proper validation."
Define underfitting.,,underfitting is an important concept in data science and machine learning. It is commonly used in practical projects and interview scenarios.
What are the advantages and disadvantages of underfitting?,,"Advantages of underfitting include efficiency and usefulness in practical scenarios, while disadvantages depend on data quality and assumptions."
Give an interview question and answer on outlier detection.,,Interview Question: What is outlier detection? Answer: It is a key method in data science used to solve specific analytical problems.
When should we use outlier detection?,,outlier detection should be used when the problem requirements and dataset characteristics match its assumptions and strengths.
Give an interview question and answer on ETL pipeline.,,Interview Question: What is ETL pipeline? Answer: It is a key method in data science used to solve specific analytical problems.
What are common mistakes in RAG pipeline?,,"Common mistakes in RAG pipeline include wrong assumptions, improper preprocessing, and lack of proper validation."
Explain the working of confusion matrix.,,The working of confusion matrix involves several steps and mathematical principles that help in solving real-world data science problems.
Compare BERT model with other techniques.,,"BERT model differs from other techniques in terms of performance, interpretability, and computational requirements."
Define support vector machines.,,support vector machines is an important concept in data science and machine learning. It is commonly used in practical projects and interview scenarios.
Explain the working of A/B testing.,,The working of A/B testing involves several steps and mathematical principles that help in solving real-world data science problems.
How would you explain data cleaning in an interview?,,"In an interview, I would explain data cleaning as a fundamental technique used to build intelligent and data-driven systems."
When should we use overfitting?,,overfitting should be used when the problem requirements and dataset characteristics match its assumptions and strengths.
Compare F1 score with other techniques.,,"F1 score differs from other techniques in terms of performance, interpretability, and computational requirements."
When should we use L1 and L2 regularization?,,L1 and L2 regularization should be used when the problem requirements and dataset characteristics match its assumptions and strengths.
What are the advantages and disadvantages of SQL joins?,,"Advantages of SQL joins include efficiency and usefulness in practical scenarios, while disadvantages depend on data quality and assumptions."
Explain the working of SQL joins.,,The working of SQL joins involves several steps and mathematical principles that help in solving real-world data science problems.
How to implement vector databases in a real project?,,"To implement vector databases in a project, one must follow proper data preprocessing, modeling, evaluation, and deployment steps."
How to implement k-means clustering in a real project?,,"To implement k-means clustering in a project, one must follow proper data preprocessing, modeling, evaluation, and deployment steps."
Define A/B testing.,,A/B testing is an important concept in data science and machine learning. It is commonly used in practical projects and interview scenarios.
What are the advantages and disadvantages of SQL joins?,,"Advantages of SQL joins include efficiency and usefulness in practical scenarios, while disadvantages depend on data quality and assumptions."
What are the advantages and disadvantages of model deployment?,,"Advantages of model deployment include efficiency and usefulness in practical scenarios, while disadvantages depend on data quality and assumptions."
Define BERT model.,,BERT model is an important concept in data science and machine learning. It is commonly used in practical projects and interview scenarios.
What are the advantages and disadvantages of PCA?,,"Advantages of PCA include efficiency and usefulness in practical scenarios, while disadvantages depend on data quality and assumptions."
How would you explain Docker for ML in an interview?,,"In an interview, I would explain Docker for ML as a fundamental technique used to build intelligent and data-driven systems."
How to implement neural network activation functions in a real project?,,"To implement neural network activation functions in a project, one must follow proper data preprocessing, modeling, evaluation, and deployment steps."
What are common mistakes in vector databases?,,"Common mistakes in vector databases include wrong assumptions, improper preprocessing, and lack of proper validation."
How would you explain embeddings in an interview?,,"In an interview, I would explain embeddings as a fundamental technique used to build intelligent and data-driven systems."
What are common mistakes in linear regression?,,"Common mistakes in linear regression include wrong assumptions, improper preprocessing, and lack of proper validation."
What are common mistakes in underfitting?,,"Common mistakes in underfitting include wrong assumptions, improper preprocessing, and lack of proper validation."
How would you explain random search in an interview?,,"In an interview, I would explain random search as a fundamental technique used to build intelligent and data-driven systems."
Write a Python code example related to feature scaling.,,A simple Python implementation of feature scaling can be done using standard data science libraries like sklearn or numpy.
When should we use k-means clustering?,,k-means clustering should be used when the problem requirements and dataset characteristics match its assumptions and strengths.
Explain the working of hyperparameter tuning.,,The working of hyperparameter tuning involves several steps and mathematical principles that help in solving real-world data science problems.
How would you explain outlier detection in an interview?,,"In an interview, I would explain outlier detection as a fundamental technique used to build intelligent and data-driven systems."
What are common mistakes in PCA?,,"Common mistakes in PCA include wrong assumptions, improper preprocessing, and lack of proper validation."
What are the advantages and disadvantages of A/B testing?,,"Advantages of A/B testing include efficiency and usefulness in practical scenarios, while disadvantages depend on data quality and assumptions."
What are the advantages and disadvantages of overfitting?,,"Advantages of overfitting include efficiency and usefulness in practical scenarios, while disadvantages depend on data quality and assumptions."
How would you explain linear regression in an interview?,,"In an interview, I would explain linear regression as a fundamental technique used to build intelligent and data-driven systems."
Explain the working of REST API in ML.,,The working of REST API in ML involves several steps and mathematical principles that help in solving real-world data science problems.
What are the advantages and disadvantages of LLM fine tuning?,,"Advantages of LLM fine tuning include efficiency and usefulness in practical scenarios, while disadvantages depend on data quality and assumptions."
What are the advantages and disadvantages of A/B testing?,,"Advantages of A/B testing include efficiency and usefulness in practical scenarios, while disadvantages depend on data quality and assumptions."
How would you explain vector databases in an interview?,,"In an interview, I would explain vector databases as a fundamental technique used to build intelligent and data-driven systems."
Write a Python code example related to time series forecasting.,,A simple Python implementation of time series forecasting can be done using standard data science libraries like sklearn or numpy.
How would you explain time series forecasting in an interview?,,"In an interview, I would explain time series forecasting as a fundamental technique used to build intelligent and data-driven systems."
What are the advantages and disadvantages of support vector machines?,,"Advantages of support vector machines include efficiency and usefulness in practical scenarios, while disadvantages depend on data quality and assumptions."
Compare neural network activation functions with other techniques.,,"neural network activation functions differs from other techniques in terms of performance, interpretability, and computational requirements."
What are the advantages and disadvantages of backpropagation?,,"Advantages of backpropagation include efficiency and usefulness in practical scenarios, while disadvantages depend on data quality and assumptions."
Give an interview question and answer on time series forecasting.,,Interview Question: What is time series forecasting? Answer: It is a key method in data science used to solve specific analytical problems.
How would you explain confusion matrix in an interview?,,"In an interview, I would explain confusion matrix as a fundamental technique used to build intelligent and data-driven systems."
Explain the working of F1 score.,,The working of F1 score involves several steps and mathematical principles that help in solving real-world data science problems.
How to implement L1 and L2 regularization in a real project?,,"To implement L1 and L2 regularization in a project, one must follow proper data preprocessing, modeling, evaluation, and deployment steps."
Give an interview question and answer on random forest.,,Interview Question: What is random forest? Answer: It is a key method in data science used to solve specific analytical problems.
Define LLM fine tuning.,,LLM fine tuning is an important concept in data science and machine learning. It is commonly used in practical projects and interview scenarios.
Write a Python code example related to LLM fine tuning.,,A simple Python implementation of LLM fine tuning can be done using standard data science libraries like sklearn or numpy.
What are the advantages and disadvantages of precision and recall?,,"Advantages of precision and recall include efficiency and usefulness in practical scenarios, while disadvantages depend on data quality and assumptions."
Compare data cleaning with other techniques.,,"data cleaning differs from other techniques in terms of performance, interpretability, and computational requirements."
How to implement k-means clustering in a real project?,,"To implement k-means clustering in a project, one must follow proper data preprocessing, modeling, evaluation, and deployment steps."
How would you explain REST API in ML in an interview?,,"In an interview, I would explain REST API in ML as a fundamental technique used to build intelligent and data-driven systems."
Explain the working of LLM fine tuning.,,The working of LLM fine tuning involves several steps and mathematical principles that help in solving real-world data science problems.
Explain the working of precision and recall.,,The working of precision and recall involves several steps and mathematical principles that help in solving real-world data science problems.
Define FastAPI.,,FastAPI is an important concept in data science and machine learning. It is commonly used in practical projects and interview scenarios.
Define linear regression.,,linear regression is an important concept in data science and machine learning. It is commonly used in practical projects and interview scenarios.
Define SQL joins.,,SQL joins is an important concept in data science and machine learning. It is commonly used in practical projects and interview scenarios.
What are common mistakes in data cleaning?,,"Common mistakes in data cleaning include wrong assumptions, improper preprocessing, and lack of proper validation."
Compare REST API in ML with other techniques.,,"REST API in ML differs from other techniques in terms of performance, interpretability, and computational requirements."
What are the advantages and disadvantages of confusion matrix?,,"Advantages of confusion matrix include efficiency and usefulness in practical scenarios, while disadvantages depend on data quality and assumptions."
When should we use regularization?,,regularization should be used when the problem requirements and dataset characteristics match its assumptions and strengths.
Compare precision and recall with other techniques.,,"precision and recall differs from other techniques in terms of performance, interpretability, and computational requirements."
Give an interview question and answer on SQL joins.,,Interview Question: What is SQL joins? Answer: It is a key method in data science used to solve specific analytical problems.
Explain the working of REST API in ML.,,The working of REST API in ML involves several steps and mathematical principles that help in solving real-world data science problems.
When should we use L1 and L2 regularization?,,L1 and L2 regularization should be used when the problem requirements and dataset characteristics match its assumptions and strengths.
How would you explain time series forecasting in an interview?,,"In an interview, I would explain time series forecasting as a fundamental technique used to build intelligent and data-driven systems."
When should we use L1 and L2 regularization?,,L1 and L2 regularization should be used when the problem requirements and dataset characteristics match its assumptions and strengths.
Explain the working of missing value handling.,,The working of missing value handling involves several steps and mathematical principles that help in solving real-world data science problems.
What are the advantages and disadvantages of decision trees?,,"Advantages of decision trees include efficiency and usefulness in practical scenarios, while disadvantages depend on data quality and assumptions."
How would you explain embeddings in an interview?,,"In an interview, I would explain embeddings as a fundamental technique used to build intelligent and data-driven systems."
When should we use neural network activation functions?,,neural network activation functions should be used when the problem requirements and dataset characteristics match its assumptions and strengths.
Define gradient descent.,,gradient descent is an important concept in data science and machine learning. It is commonly used in practical projects and interview scenarios.
Compare missing value handling with other techniques.,,"missing value handling differs from other techniques in terms of performance, interpretability, and computational requirements."
Define time series forecasting.,,time series forecasting is an important concept in data science and machine learning. It is commonly used in practical projects and interview scenarios.
Give an interview question and answer on regularization.,,Interview Question: What is regularization? Answer: It is a key method in data science used to solve specific analytical problems.
How would you explain ARIMA model in an interview?,,"In an interview, I would explain ARIMA model as a fundamental technique used to build intelligent and data-driven systems."
Define random forest.,,random forest is an important concept in data science and machine learning. It is commonly used in practical projects and interview scenarios.
Define PCA.,,PCA is an important concept in data science and machine learning. It is commonly used in practical projects and interview scenarios.
When should we use grid search?,,grid search should be used when the problem requirements and dataset characteristics match its assumptions and strengths.
Write a Python code example related to gradient descent.,,A simple Python implementation of gradient descent can be done using standard data science libraries like sklearn or numpy.
How would you explain decision trees in an interview?,,"In an interview, I would explain decision trees as a fundamental technique used to build intelligent and data-driven systems."
What are common mistakes in k-means clustering?,,"Common mistakes in k-means clustering include wrong assumptions, improper preprocessing, and lack of proper validation."
Define Docker for ML.,,Docker for ML is an important concept in data science and machine learning. It is commonly used in practical projects and interview scenarios.
What are common mistakes in hyperparameter tuning?,,"Common mistakes in hyperparameter tuning include wrong assumptions, improper preprocessing, and lack of proper validation."
What are common mistakes in data cleaning?,,"Common mistakes in data cleaning include wrong assumptions, improper preprocessing, and lack of proper validation."
Explain the working of ETL pipeline.,,The working of ETL pipeline involves several steps and mathematical principles that help in solving real-world data science problems.
Compare neural network activation functions with other techniques.,,"neural network activation functions differs from other techniques in terms of performance, interpretability, and computational requirements."
Define Docker for ML.,,Docker for ML is an important concept in data science and machine learning. It is commonly used in practical projects and interview scenarios.
Write a Python code example related to overfitting.,,A simple Python implementation of overfitting can be done using standard data science libraries like sklearn or numpy.
Compare ARIMA model with other techniques.,,"ARIMA model differs from other techniques in terms of performance, interpretability, and computational requirements."
When should we use PCA?,,PCA should be used when the problem requirements and dataset characteristics match its assumptions and strengths.
What are common mistakes in confusion matrix?,,"Common mistakes in confusion matrix include wrong assumptions, improper preprocessing, and lack of proper validation."
What are the advantages and disadvantages of RAG pipeline?,,"Advantages of RAG pipeline include efficiency and usefulness in practical scenarios, while disadvantages depend on data quality and assumptions."
Explain the working of data cleaning.,,The working of data cleaning involves several steps and mathematical principles that help in solving real-world data science problems.
What are common mistakes in random forest?,,"Common mistakes in random forest include wrong assumptions, improper preprocessing, and lack of proper validation."
Write a Python code example related to PCA.,,A simple Python implementation of PCA can be done using standard data science libraries like sklearn or numpy.
Explain the working of backpropagation.,,The working of backpropagation involves several steps and mathematical principles that help in solving real-world data science problems.
What are the advantages and disadvantages of PCA?,,"Advantages of PCA include efficiency and usefulness in practical scenarios, while disadvantages depend on data quality and assumptions."
Write a Python code example related to time series forecasting.,,A simple Python implementation of time series forecasting can be done using standard data science libraries like sklearn or numpy.
How to implement precision and recall in a real project?,,"To implement precision and recall in a project, one must follow proper data preprocessing, modeling, evaluation, and deployment steps."
How would you explain F1 score in an interview?,,"In an interview, I would explain F1 score as a fundamental technique used to build intelligent and data-driven systems."
Write a Python code example related to neural network activation functions.,,A simple Python implementation of neural network activation functions can be done using standard data science libraries like sklearn or numpy.
Explain the working of overfitting.,,The working of overfitting involves several steps and mathematical principles that help in solving real-world data science problems.
How to implement precision and recall in a real project?,,"To implement precision and recall in a project, one must follow proper data preprocessing, modeling, evaluation, and deployment steps."
How would you explain grid search in an interview?,,"In an interview, I would explain grid search as a fundamental technique used to build intelligent and data-driven systems."
When should we use k-means clustering?,,k-means clustering should be used when the problem requirements and dataset characteristics match its assumptions and strengths.
When should we use outlier detection?,,outlier detection should be used when the problem requirements and dataset characteristics match its assumptions and strengths.
What are common mistakes in window functions in SQL?,,"Common mistakes in window functions in SQL include wrong assumptions, improper preprocessing, and lack of proper validation."
How to implement cross validation in a real project?,,"To implement cross validation in a project, one must follow proper data preprocessing, modeling, evaluation, and deployment steps."
What are common mistakes in k-means clustering?,,"Common mistakes in k-means clustering include wrong assumptions, improper preprocessing, and lack of proper validation."
Give an interview question and answer on confusion matrix.,,Interview Question: What is confusion matrix? Answer: It is a key method in data science used to solve specific analytical problems.
What are the advantages and disadvantages of backpropagation?,,"Advantages of backpropagation include efficiency and usefulness in practical scenarios, while disadvantages depend on data quality and assumptions."
How to implement overfitting in a real project?,,"To implement overfitting in a project, one must follow proper data preprocessing, modeling, evaluation, and deployment steps."
What are the advantages and disadvantages of neural network activation functions?,,"Advantages of neural network activation functions include efficiency and usefulness in practical scenarios, while disadvantages depend on data quality and assumptions."
When should we use vector databases?,,vector databases should be used when the problem requirements and dataset characteristics match its assumptions and strengths.
Explain the working of grid search.,,The working of grid search involves several steps and mathematical principles that help in solving real-world data science problems.
Write a Python code example related to vector databases.,,A simple Python implementation of vector databases can be done using standard data science libraries like sklearn or numpy.
Define RAG pipeline.,,RAG pipeline is an important concept in data science and machine learning. It is commonly used in practical projects and interview scenarios.
Explain the working of random forest.,,The working of random forest involves several steps and mathematical principles that help in solving real-world data science problems.
Compare missing value handling with other techniques.,,"missing value handling differs from other techniques in terms of performance, interpretability, and computational requirements."
Define linear regression.,,linear regression is an important concept in data science and machine learning. It is commonly used in practical projects and interview scenarios.
Explain the working of time series forecasting.,,The working of time series forecasting involves several steps and mathematical principles that help in solving real-world data science problems.
How would you explain Docker for ML in an interview?,,"In an interview, I would explain Docker for ML as a fundamental technique used to build intelligent and data-driven systems."
Write a Python code example related to SQL joins.,,A simple Python implementation of SQL joins can be done using standard data science libraries like sklearn or numpy.
Define RAG pipeline.,,RAG pipeline is an important concept in data science and machine learning. It is commonly used in practical projects and interview scenarios.
Explain the working of Docker for ML.,,The working of Docker for ML involves several steps and mathematical principles that help in solving real-world data science problems.
What are the advantages and disadvantages of overfitting?,,"Advantages of overfitting include efficiency and usefulness in practical scenarios, while disadvantages depend on data quality and assumptions."
Write a Python code example related to random search.,,A simple Python implementation of random search can be done using standard data science libraries like sklearn or numpy.
Compare precision and recall with other techniques.,,"precision and recall differs from other techniques in terms of performance, interpretability, and computational requirements."
How would you explain ETL pipeline in an interview?,,"In an interview, I would explain ETL pipeline as a fundamental technique used to build intelligent and data-driven systems."
Write a Python code example related to REST API in ML.,,A simple Python implementation of REST API in ML can be done using standard data science libraries like sklearn or numpy.
What are the advantages and disadvantages of regularization?,,"Advantages of regularization include efficiency and usefulness in practical scenarios, while disadvantages depend on data quality and assumptions."
Define precision and recall.,,precision and recall is an important concept in data science and machine learning. It is commonly used in practical projects and interview scenarios.
How would you explain model deployment in an interview?,,"In an interview, I would explain model deployment as a fundamental technique used to build intelligent and data-driven systems."
When should we use gradient descent?,,gradient descent should be used when the problem requirements and dataset characteristics match its assumptions and strengths.
Give an interview question and answer on support vector machines.,,Interview Question: What is support vector machines? Answer: It is a key method in data science used to solve specific analytical problems.
How to implement confusion matrix in a real project?,,"To implement confusion matrix in a project, one must follow proper data preprocessing, modeling, evaluation, and deployment steps."
What are the advantages and disadvantages of embeddings?,,"Advantages of embeddings include efficiency and usefulness in practical scenarios, while disadvantages depend on data quality and assumptions."
Define decision trees.,,decision trees is an important concept in data science and machine learning. It is commonly used in practical projects and interview scenarios.
Write a Python code example related to hyperparameter tuning.,,A simple Python implementation of hyperparameter tuning can be done using standard data science libraries like sklearn or numpy.
Define logistic regression.,,logistic regression is an important concept in data science and machine learning. It is commonly used in practical projects and interview scenarios.
What are the advantages and disadvantages of PCA?,,"Advantages of PCA include efficiency and usefulness in practical scenarios, while disadvantages depend on data quality and assumptions."
Write a Python code example related to support vector machines.,,A simple Python implementation of support vector machines can be done using standard data science libraries like sklearn or numpy.
When should we use precision and recall?,,precision and recall should be used when the problem requirements and dataset characteristics match its assumptions and strengths.
What are the advantages and disadvantages of grid search?,,"Advantages of grid search include efficiency and usefulness in practical scenarios, while disadvantages depend on data quality and assumptions."
Explain the working of vector databases.,,The working of vector databases involves several steps and mathematical principles that help in solving real-world data science problems.
How would you explain underfitting in an interview?,,"In an interview, I would explain underfitting as a fundamental technique used to build intelligent and data-driven systems."
Write a Python code example related to overfitting.,,A simple Python implementation of overfitting can be done using standard data science libraries like sklearn or numpy.
What are common mistakes in k-means clustering?,,"Common mistakes in k-means clustering include wrong assumptions, improper preprocessing, and lack of proper validation."
Define precision and recall.,,precision and recall is an important concept in data science and machine learning. It is commonly used in practical projects and interview scenarios.
When should we use random search?,,random search should be used when the problem requirements and dataset characteristics match its assumptions and strengths.
Write a Python code example related to neural network activation functions.,,A simple Python implementation of neural network activation functions can be done using standard data science libraries like sklearn or numpy.
What are common mistakes in random forest?,,"Common mistakes in random forest include wrong assumptions, improper preprocessing, and lack of proper validation."
Define outlier detection.,,outlier detection is an important concept in data science and machine learning. It is commonly used in practical projects and interview scenarios.
Give an interview question and answer on cross validation.,,Interview Question: What is cross validation? Answer: It is a key method in data science used to solve specific analytical problems.
When should we use REST API in ML?,,REST API in ML should be used when the problem requirements and dataset characteristics match its assumptions and strengths.
Write a Python code example related to logistic regression.,,A simple Python implementation of logistic regression can be done using standard data science libraries like sklearn or numpy.
Write a Python code example related to precision and recall.,,A simple Python implementation of precision and recall can be done using standard data science libraries like sklearn or numpy.
What are the advantages and disadvantages of F1 score?,,"Advantages of F1 score include efficiency and usefulness in practical scenarios, while disadvantages depend on data quality and assumptions."
When should we use vector databases?,,vector databases should be used when the problem requirements and dataset characteristics match its assumptions and strengths.
When should we use ARIMA model?,,ARIMA model should be used when the problem requirements and dataset characteristics match its assumptions and strengths.
Define LLM fine tuning.,,LLM fine tuning is an important concept in data science and machine learning. It is commonly used in practical projects and interview scenarios.
Define PCA.,,PCA is an important concept in data science and machine learning. It is commonly used in practical projects and interview scenarios.
When should we use linear regression?,,linear regression should be used when the problem requirements and dataset characteristics match its assumptions and strengths.
Compare outlier detection with other techniques.,,"outlier detection differs from other techniques in terms of performance, interpretability, and computational requirements."
When should we use SQL joins?,,SQL joins should be used when the problem requirements and dataset characteristics match its assumptions and strengths.
Give an interview question and answer on RAG pipeline.,,Interview Question: What is RAG pipeline? Answer: It is a key method in data science used to solve specific analytical problems.
Give an interview question and answer on LLM fine tuning.,,Interview Question: What is LLM fine tuning? Answer: It is a key method in data science used to solve specific analytical problems.
What are common mistakes in linear regression?,,"Common mistakes in linear regression include wrong assumptions, improper preprocessing, and lack of proper validation."
Define BERT model.,,BERT model is an important concept in data science and machine learning. It is commonly used in practical projects and interview scenarios.
Compare backpropagation with other techniques.,,"backpropagation differs from other techniques in terms of performance, interpretability, and computational requirements."
Explain the working of FastAPI.,,The working of FastAPI involves several steps and mathematical principles that help in solving real-world data science problems.
What are the advantages and disadvantages of cross validation?,,"Advantages of cross validation include efficiency and usefulness in practical scenarios, while disadvantages depend on data quality and assumptions."
Write a Python code example related to BERT model.,,A simple Python implementation of BERT model can be done using standard data science libraries like sklearn or numpy.
How would you explain BERT model in an interview?,,"In an interview, I would explain BERT model as a fundamental technique used to build intelligent and data-driven systems."
How would you explain backpropagation in an interview?,,"In an interview, I would explain backpropagation as a fundamental technique used to build intelligent and data-driven systems."
How to implement logistic regression in a real project?,,"To implement logistic regression in a project, one must follow proper data preprocessing, modeling, evaluation, and deployment steps."
How to implement logistic regression in a real project?,,"To implement logistic regression in a project, one must follow proper data preprocessing, modeling, evaluation, and deployment steps."
When should we use feature scaling?,,feature scaling should be used when the problem requirements and dataset characteristics match its assumptions and strengths.
Write a Python code example related to LLM fine tuning.,,A simple Python implementation of LLM fine tuning can be done using standard data science libraries like sklearn or numpy.
Compare k-means clustering with other techniques.,,"k-means clustering differs from other techniques in terms of performance, interpretability, and computational requirements."
What are common mistakes in transformers?,,"Common mistakes in transformers include wrong assumptions, improper preprocessing, and lack of proper validation."
When should we use logistic regression?,,logistic regression should be used when the problem requirements and dataset characteristics match its assumptions and strengths.
Compare neural network activation functions with other techniques.,,"neural network activation functions differs from other techniques in terms of performance, interpretability, and computational requirements."
What are the advantages and disadvantages of regularization?,,"Advantages of regularization include efficiency and usefulness in practical scenarios, while disadvantages depend on data quality and assumptions."
Explain the working of PCA.,,The working of PCA involves several steps and mathematical principles that help in solving real-world data science problems.
How would you explain decision trees in an interview?,,"In an interview, I would explain decision trees as a fundamental technique used to build intelligent and data-driven systems."
What are common mistakes in window functions in SQL?,,"Common mistakes in window functions in SQL include wrong assumptions, improper preprocessing, and lack of proper validation."
How to implement random search in a real project?,,"To implement random search in a project, one must follow proper data preprocessing, modeling, evaluation, and deployment steps."
Explain the working of precision and recall.,,The working of precision and recall involves several steps and mathematical principles that help in solving real-world data science problems.
Define precision and recall.,,precision and recall is an important concept in data science and machine learning. It is commonly used in practical projects and interview scenarios.
Define cross validation.,,cross validation is an important concept in data science and machine learning. It is commonly used in practical projects and interview scenarios.
When should we use overfitting?,,overfitting should be used when the problem requirements and dataset characteristics match its assumptions and strengths.
How to implement neural network activation functions in a real project?,,"To implement neural network activation functions in a project, one must follow proper data preprocessing, modeling, evaluation, and deployment steps."
How would you explain outlier detection in an interview?,,"In an interview, I would explain outlier detection as a fundamental technique used to build intelligent and data-driven systems."
Compare L1 and L2 regularization with other techniques.,,"L1 and L2 regularization differs from other techniques in terms of performance, interpretability, and computational requirements."
Write a Python code example related to cross validation.,,A simple Python implementation of cross validation can be done using standard data science libraries like sklearn or numpy.
What are the advantages and disadvantages of feature scaling?,,"Advantages of feature scaling include efficiency and usefulness in practical scenarios, while disadvantages depend on data quality and assumptions."
Define outlier detection.,,outlier detection is an important concept in data science and machine learning. It is commonly used in practical projects and interview scenarios.
Define BERT model.,,BERT model is an important concept in data science and machine learning. It is commonly used in practical projects and interview scenarios.
How to implement SQL joins in a real project?,,"To implement SQL joins in a project, one must follow proper data preprocessing, modeling, evaluation, and deployment steps."
When should we use gradient descent?,,gradient descent should be used when the problem requirements and dataset characteristics match its assumptions and strengths.
How to implement ARIMA model in a real project?,,"To implement ARIMA model in a project, one must follow proper data preprocessing, modeling, evaluation, and deployment steps."
When should we use transformers?,,transformers should be used when the problem requirements and dataset characteristics match its assumptions and strengths.
Define hyperparameter tuning.,,hyperparameter tuning is an important concept in data science and machine learning. It is commonly used in practical projects and interview scenarios.
What are common mistakes in logistic regression?,,"Common mistakes in logistic regression include wrong assumptions, improper preprocessing, and lack of proper validation."
How to implement feature scaling in a real project?,,"To implement feature scaling in a project, one must follow proper data preprocessing, modeling, evaluation, and deployment steps."
What are common mistakes in underfitting?,,"Common mistakes in underfitting include wrong assumptions, improper preprocessing, and lack of proper validation."
How would you explain logistic regression in an interview?,,"In an interview, I would explain logistic regression as a fundamental technique used to build intelligent and data-driven systems."
What are the advantages and disadvantages of L1 and L2 regularization?,,"Advantages of L1 and L2 regularization include efficiency and usefulness in practical scenarios, while disadvantages depend on data quality and assumptions."
What are the advantages and disadvantages of Docker for ML?,,"Advantages of Docker for ML include efficiency and usefulness in practical scenarios, while disadvantages depend on data quality and assumptions."
How would you explain cross validation in an interview?,,"In an interview, I would explain cross validation as a fundamental technique used to build intelligent and data-driven systems."
Define PCA.,,PCA is an important concept in data science and machine learning. It is commonly used in practical projects and interview scenarios.
Write a Python code example related to missing value handling.,,A simple Python implementation of missing value handling can be done using standard data science libraries like sklearn or numpy.
Give an interview question and answer on decision trees.,,Interview Question: What is decision trees? Answer: It is a key method in data science used to solve specific analytical problems.
What are common mistakes in overfitting?,,"Common mistakes in overfitting include wrong assumptions, improper preprocessing, and lack of proper validation."
What are common mistakes in PCA?,,"Common mistakes in PCA include wrong assumptions, improper preprocessing, and lack of proper validation."
What are the advantages and disadvantages of overfitting?,,"Advantages of overfitting include efficiency and usefulness in practical scenarios, while disadvantages depend on data quality and assumptions."
Define A/B testing.,,A/B testing is an important concept in data science and machine learning. It is commonly used in practical projects and interview scenarios.
Give an interview question and answer on BERT model.,,Interview Question: What is BERT model? Answer: It is a key method in data science used to solve specific analytical problems.
What are the advantages and disadvantages of support vector machines?,,"Advantages of support vector machines include efficiency and usefulness in practical scenarios, while disadvantages depend on data quality and assumptions."
What are the advantages and disadvantages of missing value handling?,,"Advantages of missing value handling include efficiency and usefulness in practical scenarios, while disadvantages depend on data quality and assumptions."
Explain the working of vector databases.,,The working of vector databases involves several steps and mathematical principles that help in solving real-world data science problems.
Give an interview question and answer on model deployment.,,Interview Question: What is model deployment? Answer: It is a key method in data science used to solve specific analytical problems.
Give an interview question and answer on outlier detection.,,Interview Question: What is outlier detection? Answer: It is a key method in data science used to solve specific analytical problems.
Give an interview question and answer on neural network activation functions.,,Interview Question: What is neural network activation functions? Answer: It is a key method in data science used to solve specific analytical problems.
Compare RAG pipeline with other techniques.,,"RAG pipeline differs from other techniques in terms of performance, interpretability, and computational requirements."
How to implement support vector machines in a real project?,,"To implement support vector machines in a project, one must follow proper data preprocessing, modeling, evaluation, and deployment steps."
Write a Python code example related to FastAPI.,,A simple Python implementation of FastAPI can be done using standard data science libraries like sklearn or numpy.
What are common mistakes in regularization?,,"Common mistakes in regularization include wrong assumptions, improper preprocessing, and lack of proper validation."
Compare missing value handling with other techniques.,,"missing value handling differs from other techniques in terms of performance, interpretability, and computational requirements."
When should we use FastAPI?,,FastAPI should be used when the problem requirements and dataset characteristics match its assumptions and strengths.
Write a Python code example related to outlier detection.,,A simple Python implementation of outlier detection can be done using standard data science libraries like sklearn or numpy.
How to implement LLM fine tuning in a real project?,,"To implement LLM fine tuning in a project, one must follow proper data preprocessing, modeling, evaluation, and deployment steps."
Compare underfitting with other techniques.,,"underfitting differs from other techniques in terms of performance, interpretability, and computational requirements."
Write a Python code example related to SQL joins.,,A simple Python implementation of SQL joins can be done using standard data science libraries like sklearn or numpy.
How to implement hyperparameter tuning in a real project?,,"To implement hyperparameter tuning in a project, one must follow proper data preprocessing, modeling, evaluation, and deployment steps."
What are common mistakes in cross validation?,,"Common mistakes in cross validation include wrong assumptions, improper preprocessing, and lack of proper validation."
Explain the working of FastAPI.,,The working of FastAPI involves several steps and mathematical principles that help in solving real-world data science problems.
How to implement gradient descent in a real project?,,"To implement gradient descent in a project, one must follow proper data preprocessing, modeling, evaluation, and deployment steps."
How would you explain BERT model in an interview?,,"In an interview, I would explain BERT model as a fundamental technique used to build intelligent and data-driven systems."
What are the advantages and disadvantages of random search?,,"Advantages of random search include efficiency and usefulness in practical scenarios, while disadvantages depend on data quality and assumptions."
Define vector databases.,,vector databases is an important concept in data science and machine learning. It is commonly used in practical projects and interview scenarios.
Compare gradient descent with other techniques.,,"gradient descent differs from other techniques in terms of performance, interpretability, and computational requirements."
What are common mistakes in REST API in ML?,,"Common mistakes in REST API in ML include wrong assumptions, improper preprocessing, and lack of proper validation."
Compare A/B testing with other techniques.,,"A/B testing differs from other techniques in terms of performance, interpretability, and computational requirements."
Explain the working of ARIMA model.,,The working of ARIMA model involves several steps and mathematical principles that help in solving real-world data science problems.
Explain the working of ARIMA model.,,The working of ARIMA model involves several steps and mathematical principles that help in solving real-world data science problems.
Write a Python code example related to PCA.,,A simple Python implementation of PCA can be done using standard data science libraries like sklearn or numpy.
Compare random search with other techniques.,,"random search differs from other techniques in terms of performance, interpretability, and computational requirements."
What are common mistakes in precision and recall?,,"Common mistakes in precision and recall include wrong assumptions, improper preprocessing, and lack of proper validation."
Compare missing value handling with other techniques.,,"missing value handling differs from other techniques in terms of performance, interpretability, and computational requirements."
Define L1 and L2 regularization.,,L1 and L2 regularization is an important concept in data science and machine learning. It is commonly used in practical projects and interview scenarios.
How would you explain window functions in SQL in an interview?,,"In an interview, I would explain window functions in SQL as a fundamental technique used to build intelligent and data-driven systems."
What are the advantages and disadvantages of data cleaning?,,"Advantages of data cleaning include efficiency and usefulness in practical scenarios, while disadvantages depend on data quality and assumptions."
How would you explain linear regression in an interview?,,"In an interview, I would explain linear regression as a fundamental technique used to build intelligent and data-driven systems."
How would you explain cross validation in an interview?,,"In an interview, I would explain cross validation as a fundamental technique used to build intelligent and data-driven systems."
Compare embeddings with other techniques.,,"embeddings differs from other techniques in terms of performance, interpretability, and computational requirements."
Compare linear regression with other techniques.,,"linear regression differs from other techniques in terms of performance, interpretability, and computational requirements."
What are the advantages and disadvantages of gradient descent?,,"Advantages of gradient descent include efficiency and usefulness in practical scenarios, while disadvantages depend on data quality and assumptions."
What are the advantages and disadvantages of model deployment?,,"Advantages of model deployment include efficiency and usefulness in practical scenarios, while disadvantages depend on data quality and assumptions."
Give an interview question and answer on embeddings.,,Interview Question: What is embeddings? Answer: It is a key method in data science used to solve specific analytical problems.
What are the advantages and disadvantages of time series forecasting?,,"Advantages of time series forecasting include efficiency and usefulness in practical scenarios, while disadvantages depend on data quality and assumptions."
Explain the working of ARIMA model.,,The working of ARIMA model involves several steps and mathematical principles that help in solving real-world data science problems.
What are the advantages and disadvantages of BERT model?,,"Advantages of BERT model include efficiency and usefulness in practical scenarios, while disadvantages depend on data quality and assumptions."
How to implement time series forecasting in a real project?,,"To implement time series forecasting in a project, one must follow proper data preprocessing, modeling, evaluation, and deployment steps."
How to implement transformers in a real project?,,"To implement transformers in a project, one must follow proper data preprocessing, modeling, evaluation, and deployment steps."
How would you explain backpropagation in an interview?,,"In an interview, I would explain backpropagation as a fundamental technique used to build intelligent and data-driven systems."
What are common mistakes in ARIMA model?,,"Common mistakes in ARIMA model include wrong assumptions, improper preprocessing, and lack of proper validation."
How to implement outlier detection in a real project?,,"To implement outlier detection in a project, one must follow proper data preprocessing, modeling, evaluation, and deployment steps."
How would you explain embeddings in an interview?,,"In an interview, I would explain embeddings as a fundamental technique used to build intelligent and data-driven systems."
How to implement REST API in ML in a real project?,,"To implement REST API in ML in a project, one must follow proper data preprocessing, modeling, evaluation, and deployment steps."
Compare random search with other techniques.,,"random search differs from other techniques in terms of performance, interpretability, and computational requirements."
What are the advantages and disadvantages of hyperparameter tuning?,,"Advantages of hyperparameter tuning include efficiency and usefulness in practical scenarios, while disadvantages depend on data quality and assumptions."
Compare overfitting with other techniques.,,"overfitting differs from other techniques in terms of performance, interpretability, and computational requirements."
Explain the working of missing value handling.,,The working of missing value handling involves several steps and mathematical principles that help in solving real-world data science problems.
How to implement outlier detection in a real project?,,"To implement outlier detection in a project, one must follow proper data preprocessing, modeling, evaluation, and deployment steps."
What are the advantages and disadvantages of SQL joins?,,"Advantages of SQL joins include efficiency and usefulness in practical scenarios, while disadvantages depend on data quality and assumptions."
What are common mistakes in gradient descent?,,"Common mistakes in gradient descent include wrong assumptions, improper preprocessing, and lack of proper validation."
Compare linear regression with other techniques.,,"linear regression differs from other techniques in terms of performance, interpretability, and computational requirements."
Compare transformers with other techniques.,,"transformers differs from other techniques in terms of performance, interpretability, and computational requirements."
How would you explain vector databases in an interview?,,"In an interview, I would explain vector databases as a fundamental technique used to build intelligent and data-driven systems."
Define LLM fine tuning.,,LLM fine tuning is an important concept in data science and machine learning. It is commonly used in practical projects and interview scenarios.
When should we use BERT model?,,BERT model should be used when the problem requirements and dataset characteristics match its assumptions and strengths.
Compare PCA with other techniques.,,"PCA differs from other techniques in terms of performance, interpretability, and computational requirements."
Explain the working of L1 and L2 regularization.,,The working of L1 and L2 regularization involves several steps and mathematical principles that help in solving real-world data science problems.
When should we use F1 score?,,F1 score should be used when the problem requirements and dataset characteristics match its assumptions and strengths.
Compare A/B testing with other techniques.,,"A/B testing differs from other techniques in terms of performance, interpretability, and computational requirements."
When should we use gradient descent?,,gradient descent should be used when the problem requirements and dataset characteristics match its assumptions and strengths.
Give an interview question and answer on cross validation.,,Interview Question: What is cross validation? Answer: It is a key method in data science used to solve specific analytical problems.
How to implement random search in a real project?,,"To implement random search in a project, one must follow proper data preprocessing, modeling, evaluation, and deployment steps."
Give an interview question and answer on RAG pipeline.,,Interview Question: What is RAG pipeline? Answer: It is a key method in data science used to solve specific analytical problems.
How to implement random forest in a real project?,,"To implement random forest in a project, one must follow proper data preprocessing, modeling, evaluation, and deployment steps."
Write a Python code example related to random forest.,,A simple Python implementation of random forest can be done using standard data science libraries like sklearn or numpy.
What are common mistakes in feature scaling?,,"Common mistakes in feature scaling include wrong assumptions, improper preprocessing, and lack of proper validation."
When should we use vector databases?,,vector databases should be used when the problem requirements and dataset characteristics match its assumptions and strengths.
How to implement cross validation in a real project?,,"To implement cross validation in a project, one must follow proper data preprocessing, modeling, evaluation, and deployment steps."
What are common mistakes in support vector machines?,,"Common mistakes in support vector machines include wrong assumptions, improper preprocessing, and lack of proper validation."
What are the advantages and disadvantages of REST API in ML?,,"Advantages of REST API in ML include efficiency and usefulness in practical scenarios, while disadvantages depend on data quality and assumptions."
Explain the working of model deployment.,,The working of model deployment involves several steps and mathematical principles that help in solving real-world data science problems.
Write a Python code example related to cross validation.,,A simple Python implementation of cross validation can be done using standard data science libraries like sklearn or numpy.
Compare missing value handling with other techniques.,,"missing value handling differs from other techniques in terms of performance, interpretability, and computational requirements."
Explain the working of BERT model.,,The working of BERT model involves several steps and mathematical principles that help in solving real-world data science problems.
Write a Python code example related to embeddings.,,A simple Python implementation of embeddings can be done using standard data science libraries like sklearn or numpy.
Explain the working of linear regression.,,The working of linear regression involves several steps and mathematical principles that help in solving real-world data science problems.
How to implement BERT model in a real project?,,"To implement BERT model in a project, one must follow proper data preprocessing, modeling, evaluation, and deployment steps."
What are common mistakes in LLM fine tuning?,,"Common mistakes in LLM fine tuning include wrong assumptions, improper preprocessing, and lack of proper validation."
Define A/B testing.,,A/B testing is an important concept in data science and machine learning. It is commonly used in practical projects and interview scenarios.
Explain the working of A/B testing.,,The working of A/B testing involves several steps and mathematical principles that help in solving real-world data science problems.
Give an interview question and answer on embeddings.,,Interview Question: What is embeddings? Answer: It is a key method in data science used to solve specific analytical problems.
How would you explain neural network activation functions in an interview?,,"In an interview, I would explain neural network activation functions as a fundamental technique used to build intelligent and data-driven systems."
Give an interview question and answer on overfitting.,,Interview Question: What is overfitting? Answer: It is a key method in data science used to solve specific analytical problems.
How would you explain vector databases in an interview?,,"In an interview, I would explain vector databases as a fundamental technique used to build intelligent and data-driven systems."
Write a Python code example related to transformers.,,A simple Python implementation of transformers can be done using standard data science libraries like sklearn or numpy.
Write a Python code example related to outlier detection.,,A simple Python implementation of outlier detection can be done using standard data science libraries like sklearn or numpy.
What are common mistakes in outlier detection?,,"Common mistakes in outlier detection include wrong assumptions, improper preprocessing, and lack of proper validation."
How to implement SQL joins in a real project?,,"To implement SQL joins in a project, one must follow proper data preprocessing, modeling, evaluation, and deployment steps."
How would you explain PCA in an interview?,,"In an interview, I would explain PCA as a fundamental technique used to build intelligent and data-driven systems."
Define feature scaling.,,feature scaling is an important concept in data science and machine learning. It is commonly used in practical projects and interview scenarios.
Compare L1 and L2 regularization with other techniques.,,"L1 and L2 regularization differs from other techniques in terms of performance, interpretability, and computational requirements."
Compare PCA with other techniques.,,"PCA differs from other techniques in terms of performance, interpretability, and computational requirements."
What are common mistakes in REST API in ML?,,"Common mistakes in REST API in ML include wrong assumptions, improper preprocessing, and lack of proper validation."
How to implement k-means clustering in a real project?,,"To implement k-means clustering in a project, one must follow proper data preprocessing, modeling, evaluation, and deployment steps."
Write a Python code example related to RAG pipeline.,,A simple Python implementation of RAG pipeline can be done using standard data science libraries like sklearn or numpy.
How to implement F1 score in a real project?,,"To implement F1 score in a project, one must follow proper data preprocessing, modeling, evaluation, and deployment steps."
Write a Python code example related to transformers.,,A simple Python implementation of transformers can be done using standard data science libraries like sklearn or numpy.
How to implement gradient descent in a real project?,,"To implement gradient descent in a project, one must follow proper data preprocessing, modeling, evaluation, and deployment steps."
When should we use k-means clustering?,,k-means clustering should be used when the problem requirements and dataset characteristics match its assumptions and strengths.
What are the advantages and disadvantages of window functions in SQL?,,"Advantages of window functions in SQL include efficiency and usefulness in practical scenarios, while disadvantages depend on data quality and assumptions."
What are the advantages and disadvantages of time series forecasting?,,"Advantages of time series forecasting include efficiency and usefulness in practical scenarios, while disadvantages depend on data quality and assumptions."
Write a Python code example related to embeddings.,,A simple Python implementation of embeddings can be done using standard data science libraries like sklearn or numpy.
How to implement vector databases in a real project?,,"To implement vector databases in a project, one must follow proper data preprocessing, modeling, evaluation, and deployment steps."
What are common mistakes in model deployment?,,"Common mistakes in model deployment include wrong assumptions, improper preprocessing, and lack of proper validation."
How to implement grid search in a real project?,,"To implement grid search in a project, one must follow proper data preprocessing, modeling, evaluation, and deployment steps."
How would you explain SQL joins in an interview?,,"In an interview, I would explain SQL joins as a fundamental technique used to build intelligent and data-driven systems."
Give an interview question and answer on SQL joins.,,Interview Question: What is SQL joins? Answer: It is a key method in data science used to solve specific analytical problems.
What are common mistakes in decision trees?,,"Common mistakes in decision trees include wrong assumptions, improper preprocessing, and lack of proper validation."
How to implement confusion matrix in a real project?,,"To implement confusion matrix in a project, one must follow proper data preprocessing, modeling, evaluation, and deployment steps."
Compare neural network activation functions with other techniques.,,"neural network activation functions differs from other techniques in terms of performance, interpretability, and computational requirements."
When should we use vector databases?,,vector databases should be used when the problem requirements and dataset characteristics match its assumptions and strengths.
Give an interview question and answer on ETL pipeline.,,Interview Question: What is ETL pipeline? Answer: It is a key method in data science used to solve specific analytical problems.
Give an interview question and answer on regularization.,,Interview Question: What is regularization? Answer: It is a key method in data science used to solve specific analytical problems.
Define random search.,,random search is an important concept in data science and machine learning. It is commonly used in practical projects and interview scenarios.
Write a Python code example related to k-means clustering.,,A simple Python implementation of k-means clustering can be done using standard data science libraries like sklearn or numpy.
Give an interview question and answer on grid search.,,Interview Question: What is grid search? Answer: It is a key method in data science used to solve specific analytical problems.
Give an interview question and answer on missing value handling.,,Interview Question: What is missing value handling? Answer: It is a key method in data science used to solve specific analytical problems.
What are common mistakes in SQL joins?,,"Common mistakes in SQL joins include wrong assumptions, improper preprocessing, and lack of proper validation."
Give an interview question and answer on SQL joins.,,Interview Question: What is SQL joins? Answer: It is a key method in data science used to solve specific analytical problems.
What are common mistakes in logistic regression?,,"Common mistakes in logistic regression include wrong assumptions, improper preprocessing, and lack of proper validation."
Give an interview question and answer on REST API in ML.,,Interview Question: What is REST API in ML? Answer: It is a key method in data science used to solve specific analytical problems.
How to implement neural network activation functions in a real project?,,"To implement neural network activation functions in a project, one must follow proper data preprocessing, modeling, evaluation, and deployment steps."
Define REST API in ML.,,REST API in ML is an important concept in data science and machine learning. It is commonly used in practical projects and interview scenarios.
Define vector databases.,,vector databases is an important concept in data science and machine learning. It is commonly used in practical projects and interview scenarios.
Explain the working of outlier detection.,,The working of outlier detection involves several steps and mathematical principles that help in solving real-world data science problems.
How would you explain logistic regression in an interview?,,"In an interview, I would explain logistic regression as a fundamental technique used to build intelligent and data-driven systems."
Write a Python code example related to overfitting.,,A simple Python implementation of overfitting can be done using standard data science libraries like sklearn or numpy.
Compare random search with other techniques.,,"random search differs from other techniques in terms of performance, interpretability, and computational requirements."
How to implement grid search in a real project?,,"To implement grid search in a project, one must follow proper data preprocessing, modeling, evaluation, and deployment steps."
How would you explain confusion matrix in an interview?,,"In an interview, I would explain confusion matrix as a fundamental technique used to build intelligent and data-driven systems."
How to implement ETL pipeline in a real project?,,"To implement ETL pipeline in a project, one must follow proper data preprocessing, modeling, evaluation, and deployment steps."
Define BERT model.,,BERT model is an important concept in data science and machine learning. It is commonly used in practical projects and interview scenarios.
Define random forest.,,random forest is an important concept in data science and machine learning. It is commonly used in practical projects and interview scenarios.
Give an interview question and answer on vector databases.,,Interview Question: What is vector databases? Answer: It is a key method in data science used to solve specific analytical problems.
When should we use linear regression?,,linear regression should be used when the problem requirements and dataset characteristics match its assumptions and strengths.
Define model deployment.,,model deployment is an important concept in data science and machine learning. It is commonly used in practical projects and interview scenarios.
What are the advantages and disadvantages of A/B testing?,,"Advantages of A/B testing include efficiency and usefulness in practical scenarios, while disadvantages depend on data quality and assumptions."
What are the advantages and disadvantages of cross validation?,,"Advantages of cross validation include efficiency and usefulness in practical scenarios, while disadvantages depend on data quality and assumptions."
Give an interview question and answer on overfitting.,,Interview Question: What is overfitting? Answer: It is a key method in data science used to solve specific analytical problems.
What are the advantages and disadvantages of time series forecasting?,,"Advantages of time series forecasting include efficiency and usefulness in practical scenarios, while disadvantages depend on data quality and assumptions."
Give an interview question and answer on hyperparameter tuning.,,Interview Question: What is hyperparameter tuning? Answer: It is a key method in data science used to solve specific analytical problems.
Compare feature scaling with other techniques.,,"feature scaling differs from other techniques in terms of performance, interpretability, and computational requirements."
Define PCA.,,PCA is an important concept in data science and machine learning. It is commonly used in practical projects and interview scenarios.
How to implement support vector machines in a real project?,,"To implement support vector machines in a project, one must follow proper data preprocessing, modeling, evaluation, and deployment steps."
Give an interview question and answer on F1 score.,,Interview Question: What is F1 score? Answer: It is a key method in data science used to solve specific analytical problems.
Explain the working of model deployment.,,The working of model deployment involves several steps and mathematical principles that help in solving real-world data science problems.
How to implement FastAPI in a real project?,,"To implement FastAPI in a project, one must follow proper data preprocessing, modeling, evaluation, and deployment steps."
Compare confusion matrix with other techniques.,,"confusion matrix differs from other techniques in terms of performance, interpretability, and computational requirements."
Explain the working of overfitting.,,The working of overfitting involves several steps and mathematical principles that help in solving real-world data science problems.
How to implement RAG pipeline in a real project?,,"To implement RAG pipeline in a project, one must follow proper data preprocessing, modeling, evaluation, and deployment steps."
Give an interview question and answer on F1 score.,,Interview Question: What is F1 score? Answer: It is a key method in data science used to solve specific analytical problems.
How to implement transformers in a real project?,,"To implement transformers in a project, one must follow proper data preprocessing, modeling, evaluation, and deployment steps."
Define FastAPI.,,FastAPI is an important concept in data science and machine learning. It is commonly used in practical projects and interview scenarios.
How to implement regularization in a real project?,,"To implement regularization in a project, one must follow proper data preprocessing, modeling, evaluation, and deployment steps."
Explain the working of logistic regression.,,The working of logistic regression involves several steps and mathematical principles that help in solving real-world data science problems.
Give an interview question and answer on hyperparameter tuning.,,Interview Question: What is hyperparameter tuning? Answer: It is a key method in data science used to solve specific analytical problems.
What are the advantages and disadvantages of embeddings?,,"Advantages of embeddings include efficiency and usefulness in practical scenarios, while disadvantages depend on data quality and assumptions."
What are common mistakes in transformers?,,"Common mistakes in transformers include wrong assumptions, improper preprocessing, and lack of proper validation."
Give an interview question and answer on overfitting.,,Interview Question: What is overfitting? Answer: It is a key method in data science used to solve specific analytical problems.
When should we use LLM fine tuning?,,LLM fine tuning should be used when the problem requirements and dataset characteristics match its assumptions and strengths.
How to implement transformers in a real project?,,"To implement transformers in a project, one must follow proper data preprocessing, modeling, evaluation, and deployment steps."
Write a Python code example related to gradient descent.,,A simple Python implementation of gradient descent can be done using standard data science libraries like sklearn or numpy.
How to implement embeddings in a real project?,,"To implement embeddings in a project, one must follow proper data preprocessing, modeling, evaluation, and deployment steps."
How would you explain random forest in an interview?,,"In an interview, I would explain random forest as a fundamental technique used to build intelligent and data-driven systems."
Explain the working of random search.,,The working of random search involves several steps and mathematical principles that help in solving real-world data science problems.
How to implement PCA in a real project?,,"To implement PCA in a project, one must follow proper data preprocessing, modeling, evaluation, and deployment steps."
Explain the working of regularization.,,The working of regularization involves several steps and mathematical principles that help in solving real-world data science problems.
When should we use transformers?,,transformers should be used when the problem requirements and dataset characteristics match its assumptions and strengths.
What are the advantages and disadvantages of outlier detection?,,"Advantages of outlier detection include efficiency and usefulness in practical scenarios, while disadvantages depend on data quality and assumptions."
What are common mistakes in cross validation?,,"Common mistakes in cross validation include wrong assumptions, improper preprocessing, and lack of proper validation."
What are the advantages and disadvantages of FastAPI?,,"Advantages of FastAPI include efficiency and usefulness in practical scenarios, while disadvantages depend on data quality and assumptions."
What are the advantages and disadvantages of hyperparameter tuning?,,"Advantages of hyperparameter tuning include efficiency and usefulness in practical scenarios, while disadvantages depend on data quality and assumptions."
What are the advantages and disadvantages of window functions in SQL?,,"Advantages of window functions in SQL include efficiency and usefulness in practical scenarios, while disadvantages depend on data quality and assumptions."
What are the advantages and disadvantages of underfitting?,,"Advantages of underfitting include efficiency and usefulness in practical scenarios, while disadvantages depend on data quality and assumptions."
How would you explain RAG pipeline in an interview?,,"In an interview, I would explain RAG pipeline as a fundamental technique used to build intelligent and data-driven systems."
What are common mistakes in BERT model?,,"Common mistakes in BERT model include wrong assumptions, improper preprocessing, and lack of proper validation."
Explain the working of vector databases.,,The working of vector databases involves several steps and mathematical principles that help in solving real-world data science problems.
When should we use confusion matrix?,,confusion matrix should be used when the problem requirements and dataset characteristics match its assumptions and strengths.
When should we use neural network activation functions?,,neural network activation functions should be used when the problem requirements and dataset characteristics match its assumptions and strengths.
What are the advantages and disadvantages of random forest?,,"Advantages of random forest include efficiency and usefulness in practical scenarios, while disadvantages depend on data quality and assumptions."
Define logistic regression.,,logistic regression is an important concept in data science and machine learning. It is commonly used in practical projects and interview scenarios.
Write a Python code example related to LLM fine tuning.,,A simple Python implementation of LLM fine tuning can be done using standard data science libraries like sklearn or numpy.
How to implement L1 and L2 regularization in a real project?,,"To implement L1 and L2 regularization in a project, one must follow proper data preprocessing, modeling, evaluation, and deployment steps."
Give an interview question and answer on time series forecasting.,,Interview Question: What is time series forecasting? Answer: It is a key method in data science used to solve specific analytical problems.
What are common mistakes in neural network activation functions?,,"Common mistakes in neural network activation functions include wrong assumptions, improper preprocessing, and lack of proper validation."
Give an interview question and answer on support vector machines.,,Interview Question: What is support vector machines? Answer: It is a key method in data science used to solve specific analytical problems.
How to implement FastAPI in a real project?,,"To implement FastAPI in a project, one must follow proper data preprocessing, modeling, evaluation, and deployment steps."
Give an interview question and answer on ARIMA model.,,Interview Question: What is ARIMA model? Answer: It is a key method in data science used to solve specific analytical problems.
Explain the working of decision trees.,,The working of decision trees involves several steps and mathematical principles that help in solving real-world data science problems.
Define grid search.,,grid search is an important concept in data science and machine learning. It is commonly used in practical projects and interview scenarios.
How to implement ARIMA model in a real project?,,"To implement ARIMA model in a project, one must follow proper data preprocessing, modeling, evaluation, and deployment steps."
Compare time series forecasting with other techniques.,,"time series forecasting differs from other techniques in terms of performance, interpretability, and computational requirements."
When should we use L1 and L2 regularization?,,L1 and L2 regularization should be used when the problem requirements and dataset characteristics match its assumptions and strengths.
How would you explain time series forecasting in an interview?,,"In an interview, I would explain time series forecasting as a fundamental technique used to build intelligent and data-driven systems."
Compare missing value handling with other techniques.,,"missing value handling differs from other techniques in terms of performance, interpretability, and computational requirements."
Explain the working of transformers.,,The working of transformers involves several steps and mathematical principles that help in solving real-world data science problems.
What are the advantages and disadvantages of time series forecasting?,,"Advantages of time series forecasting include efficiency and usefulness in practical scenarios, while disadvantages depend on data quality and assumptions."
Write a Python code example related to LLM fine tuning.,,A simple Python implementation of LLM fine tuning can be done using standard data science libraries like sklearn or numpy.
Explain the working of Docker for ML.,,The working of Docker for ML involves several steps and mathematical principles that help in solving real-world data science problems.
Give an interview question and answer on time series forecasting.,,Interview Question: What is time series forecasting? Answer: It is a key method in data science used to solve specific analytical problems.
Compare SQL joins with other techniques.,,"SQL joins differs from other techniques in terms of performance, interpretability, and computational requirements."
Give an interview question and answer on outlier detection.,,Interview Question: What is outlier detection? Answer: It is a key method in data science used to solve specific analytical problems.
Write a Python code example related to RAG pipeline.,,A simple Python implementation of RAG pipeline can be done using standard data science libraries like sklearn or numpy.
What are the advantages and disadvantages of SQL joins?,,"Advantages of SQL joins include efficiency and usefulness in practical scenarios, while disadvantages depend on data quality and assumptions."
When should we use k-means clustering?,,k-means clustering should be used when the problem requirements and dataset characteristics match its assumptions and strengths.
Define A/B testing.,,A/B testing is an important concept in data science and machine learning. It is commonly used in practical projects and interview scenarios.
What are the advantages and disadvantages of REST API in ML?,,"Advantages of REST API in ML include efficiency and usefulness in practical scenarios, while disadvantages depend on data quality and assumptions."
What are common mistakes in confusion matrix?,,"Common mistakes in confusion matrix include wrong assumptions, improper preprocessing, and lack of proper validation."
How would you explain PCA in an interview?,,"In an interview, I would explain PCA as a fundamental technique used to build intelligent and data-driven systems."
How would you explain overfitting in an interview?,,"In an interview, I would explain overfitting as a fundamental technique used to build intelligent and data-driven systems."
What are the advantages and disadvantages of REST API in ML?,,"Advantages of REST API in ML include efficiency and usefulness in practical scenarios, while disadvantages depend on data quality and assumptions."
Write a Python code example related to ETL pipeline.,,A simple Python implementation of ETL pipeline can be done using standard data science libraries like sklearn or numpy.
Write a Python code example related to REST API in ML.,,A simple Python implementation of REST API in ML can be done using standard data science libraries like sklearn or numpy.
How to implement window functions in SQL in a real project?,,"To implement window functions in SQL in a project, one must follow proper data preprocessing, modeling, evaluation, and deployment steps."
Write a Python code example related to hyperparameter tuning.,,A simple Python implementation of hyperparameter tuning can be done using standard data science libraries like sklearn or numpy.
Define linear regression.,,linear regression is an important concept in data science and machine learning. It is commonly used in practical projects and interview scenarios.
Write a Python code example related to REST API in ML.,,A simple Python implementation of REST API in ML can be done using standard data science libraries like sklearn or numpy.
